Workbook

Sheet Region Pivot Table
A1: Row Labels | B1: Sum of Total Sales
A2: Kisumu | B2: 140000
A3: Mombasa | B3: 300000
A4: Nairobi | B4: 775000
A5: Grand Total | B5: 1215000

Sheet Product Pivot Table
A1: Row Labels | B1: Sum of Total Sales
A2: Laptop | B2: 640000
A3: Phone | B3: 300000
A4: Tablet | B4: 275000
A5: Grand Total | B5: 1215000

Sheet Date Pivot Table
A2: Row Labels | B2: Sum of Total Sales
A3: 15/01/2026 | B3: 50000
A4: 20/01/2026 | B4: 240000
A5: 25/01/2026 | B5: 60000
A6: 46023 | B6: 160000
A7: 46024 | B7: 125000
A8: 46082 | B8: 90000
A9: 46143 | B9: 100000
A10: 46144 | B10: 160000
A11: 46235 | B11: 80000
A12: 46296 | B12: 150000
A13: Grand Total | B13: 1215000

Sheet Customer Pivot Table
A1: Row Labels | B1: Sum of Total Sales
A2: David | B2: 310000
A3: Jane | B3: 205000
A4: John | B4: 210000
A5: Mary | B5: 330000
A6: Peter | B6: 160000
A7: Grand Total | B7: 1215000

Sheet Sales_Data
A1: Date | B1: Customer | C1: Region | D1: Product | E1: Quantity | F1: Unit Price | G1: Total Sales | H1: Sales Category
A2: 20/01/2026 | B2: Mary | C2: Nairobi | D2: Laptop | E2: 3 | F2: 80000 | G2: =E2*F2 -> 240000 | H2: =IF(G2>=100000,"HIGH",IF(G2>=50000,"MEDIUM","LOW")) -> HIGH
A3: 46023 | B3: John | C3: Nairobi | D3: Laptop | E3: 2 | F3: 80000 | G3: =E3*F3 -> 160000 | H3: =IF(G3>=100000,"HIGH",IF(G3>=50000,"MEDIUM","LOW")) -> HIGH
A4: 46144 | B4: David | C4: Mombasa | D4: Laptop | E4: 2 | F4: 80000 | G4: =E4*F4 -> 160000 | H4: =IF(G4>=100000,"HIGH",IF(G4>=50000,"MEDIUM","LOW")) -> HIGH
A5: 46296 | B5: David | C5: Nairobi | D5: Phone | E5: 5 | F5: 30000 | G5: =E5*F5 -> 150000 | H5: =IF(G5>=100000,"HIGH",IF(G5>=50000,"MEDIUM","LOW")) -> HIGH
A6: 46024 | B6: Jane | C6: Nairobi | D6: Tablet | E6: 5 | F6: 25000 | G6: =E6*F6 -> 125000 | H6: =IF(G6>=100000,"HIGH",IF(G6>=50000,"MEDIUM","LOW")) -> HIGH
A7: 46143 | B7: Peter | C7: Nairobi | D7: Tablet | E7: 4 | F7: 25000 | G7: =E7*F7 -> 100000 | H7: =IF(G7>=100000,"HIGH",IF(G7>=50000,"MEDIUM","LOW")) -> HIGH
A8: 46082 | B8: Mary | C8: Mombasa | D8: Phone | E8: 3 | F8: 30000 | G8: =E8*F8 -> 90000 | H8: =IF(G8>=100000,"HIGH",IF(G8>=50000,"MEDIUM","LOW")) -> MEDIUM
A9: 46235 | B9: Jane | C9: Kisumu | D9: Laptop | E9: 1 | F9: 80000 | G9: =E9*F9 -> 80000 | H9: =IF(G9>=100000,"HIGH",IF(G9>=50000,"MEDIUM","LOW")) -> MEDIUM
A10: 25/01/2026 | B10: Peter | C10: Kisumu | D10: Phone | E10: 2 | F10: 30000 | G10: =E10*F10 -> 60000 | H10: =IF(G10>=100000,"HIGH",IF(G10>=50000,"MEDIUM","LOW")) -> MEDIUM
A11: 15/01/2026 | B11: John | C11: Mombasa | D11: Tablet | E11: 2 | F11: 25000 | G11: =E11*F11 -> 50000 | H11: =IF(G11>=100000,"HIGH",IF(G11>=50000,"MEDIUM","LOW")) -> MEDIUM

Sheet Summary
A1: Metric | B1: Result
A2: Total Sales | B2: =SUM(Sales_Data!G2:G11) -> 1215000
A3: Average Sale | B3: =AVERAGE(Sales_Data!G2:G11) -> 121500
A4: Highest Sale | B4: =MAX(Sales_Data!G2:G11) -> 240000
A5: Lowest Sale | B5: =MIN(Sales_Data!G2:G11) -> 50000
A6: Number of Transactions | B6: =COUNT(Sales_Data!G2:G11) -> 10
A7: highest individual transaction | B7: =MAX(Sales_Data!G2:G11) -> 240000
A8: Percentage of High Transactions | B8: =COUNTIF(Sales_Data!H2:H11,"High")/COUNTA(Sales_Data!H2:H11) -> 0.6
